Career Path,Field,Description,Required Skills,Education,Min Experience,Salary Range,Growth Potential,Work-Life Balance
Software Engineer,Computer Science,The Software Engineer position requires expertise in multiple aspects of Computer Science.,"Computer Vision, Internet of Things (IoT), Blockchain, DevOps, Microservices, Ethical Hacking",Master's,1+ years,"$64,413 - $155,890",High,5
Data Scientist,Computer Science,The Data Scientist position requires expertise in multiple aspects of Computer Science.,"TensorFlow, Web Development, C++, C#, Distributed Systems, Flutter, Machine Learning",Any,0+ years,"$64,818 - $150,251",Medium,5
Machine Learning Engineer,Computer Science,Machine Learning Engineers work with teams to implement best practices in Computer Science.,"Penetration Testing, Flutter, Neural Networks, Deep Learning, DevOps",Bachelor's,5+ years,"$60,134 - $163,907",Low,3
Cybersecurity Analyst,Computer Science,"As a Cybersecurity Analyst, you'll develop solutions and strategies in the Computer Science domain.","Quantum Computing, Angular, DevOps, API Development, C++, Cryptography, Internet of Things (IoT)",PhD,5+ years,"$56,326 - $162,319",High,1
Cloud Architect,Computer Science,The Cloud Architect position requires expertise in multiple aspects of Computer Science.,"Java, Microservices, Node.js, React.js, Distributed Systems, Python, Deep Learning, Cloud Computing, DevOps, Machine Learning",PhD,1+ years,"$60,746 - $151,430",High,5
DevOps Engineer,Computer Science,This DevOps Engineer focuses on innovation and advancement in Computer Science.,"Python, Cloud Computing, Data Science, Flutter, Deep Learning, NoSQL, Java, Distributed Systems, DevOps, Cryptography",Any,1+ years,"$61,621 - $151,477",Medium,3
UI/UX Designer,Computer Science,This UI/UX Designer focuses on innovation and advancement in Computer Science.,"TensorFlow, Computer Vision, Microservices, C++, Blockchain",Master's,4+ years,"$63,506 - $148,536",Medium,2
Game Developer,Computer Science,Game Developers work with teams to implement best practices in Computer Science.,"JavaScript, Python, Data Science, NoSQL, Penetration Testing",Any,2+ years,"$56,701 - $162,593",Low,1
Mobile App Developer,Computer Science,The Mobile App Developer position requires expertise in multiple aspects of Computer Science.,"Java, NoSQL, Flutter, Quantum Computing, Microservices",PhD,0+ years,"$57,613 - $160,774",Low,4
Database Administrator,Computer Science,"As a Database Administrator, you'll develop solutions and strategies in the Computer Science domain.","Quantum Computing, Internet of Things (IoT), Angular, DevOps, API Development, Distributed Systems, Flutter",PhD,0+ years,"$58,118 - $155,538",High,5
System Administrator,Computer Science,This System Administrator focuses on innovation and advancement in Computer Science.,"Neural Networks, Flutter, Kubernetes, Vue.js, Node.js, Quantum Computing, Java, Penetration Testing",PhD,1+ years,"$60,616 - $164,703",Low,5
Blockchain Developer,Computer Science,This Blockchain Developer focuses on innovation and advancement in Computer Science.,"Distributed Systems, Flutter, Kubernetes, Web Development, Machine Learning",Any,2+ years,"$58,447 - $158,881",Medium,4
AI Research Scientist,Computer Science,This AI Research Scientist focuses on innovation and advancement in Computer Science.,"Web Development, Neural Networks, UI/UX Design, API Development, Python, PyTorch",Any,1+ years,"$61,135 - $153,241",Medium,2
IT Project Manager,Computer Science,The IT Project Manager position requires expertise in multiple aspects of Computer Science.,"Internet of Things (IoT), Deep Learning, API Development, Vue.js, React.js, PyTorch, Flutter, JavaScript, C++",Master's,1+ years,"$90,336 - $207,764",Low,2
Network Engineer,Computer Science,A Network Engineer in Computer Science specializes in applying knowledge and skills to solve complex problems.,"Cybersecurity, C#, Computer Vision, C++, UI/UX Design, Vue.js, API Development",PhD,3+ years,"$63,746 - $163,844",Medium,3
Embedded Systems Developer,Computer Science,The Embedded Systems Developer position requires expertise in multiple aspects of Computer Science.,"Cybersecurity, C#, NoSQL, Data Science, Computer Vision, Python, TensorFlow, Cryptography, Internet of Things (IoT), Machine Learning",Bachelor's,0+ years,"$64,573 - $164,666",High,5
Full-Stack Developer,Computer Science,"As a Full-Stack Developer, you'll develop solutions and strategies in the Computer Science domain.","Flutter, TensorFlow, PyTorch, JavaScript, Ethical Hacking, Quantum Computing, Internet of Things (IoT), Distributed Systems",Any,0+ years,"$63,937 - $162,101",Low,3
Frontend Developer,Computer Science,A Frontend Developer in Computer Science specializes in applying knowledge and skills to solve complex problems.,"Vue.js, Docker, TensorFlow, Penetration Testing, Java, C#, Quantum Computing",PhD,2+ years,"$58,129 - $152,137",Low,4
Backend Developer,Computer Science,A Backend Developer in Computer Science specializes in applying knowledge and skills to solve complex problems.,"PyTorch, Data Science, Cloud Computing, Deep Learning, NoSQL",PhD,3+ years,"$62,035 - $164,454",High,3
Data Engineer,Computer Science,The Data Engineer position requires expertise in multiple aspects of Computer Science.,"Cloud Computing, NoSQL, Distributed Systems, Node.js, Neural Networks, Internet of Things (IoT), SQL",Master's,2+ years,"$64,818 - $152,671",Medium,2
Software Architect,Computer Science,"As a Software Architect, you'll develop solutions and strategies in the Computer Science domain.","TensorFlow, Microservices, React.js, Ethical Hacking, Penetration Testing",Any,3+ years,"$59,970 - $158,623",Medium,5
Penetration Tester,Computer Science,This Penetration Tester focuses on innovation and advancement in Computer Science.,"PyTorch, Computer Vision, Distributed Systems, Docker, C#",Any,1+ years,"$63,932 - $161,959",Medium,4
Business Intelligence Analyst,Computer Science,Business Intelligence Analysts work with teams to implement best practices in Computer Science.,"Deep Learning, Computer Vision, Cloud Computing, Quantum Computing, Web Development, SQL, Internet of Things (IoT)",Any,5+ years,"$62,528 - $160,462",Medium,5
Natural Language Processing Engineer,Computer Science,The Natural Language Processing Engineer position requires expertise in multiple aspects of Computer Science.,"SQL, Distributed Systems, Ethical Hacking, NoSQL, Microservices, Vue.js, Kubernetes, API Development, Java",Master's,1+ years,"$58,109 - $158,227",High,3
Robotics Software Engineer,Computer Science,This Robotics Software Engineer focuses on innovation and advancement in Computer Science.,"Deep Learning, DevOps, Machine Learning, Cloud Computing, PyTorch, Angular, Distributed Systems, Flutter, SQL, Node.js",Any,0+ years,"$60,909 - $147,367",Medium,4
IoT Developer,Computer Science,The IoT Developer position requires expertise in multiple aspects of Computer Science.,"Node.js, Penetration Testing, Kubernetes, Distributed Systems, Angular, Cloud Computing, Data Science, Neural Networks, DevOps",Bachelor's,2+ years,"$57,827 - $155,085",Low,1
Big Data Engineer,Computer Science,A Big Data Engineer in Computer Science specializes in applying knowledge and skills to solve complex problems.,"SQL, Computer Vision, Ethical Hacking, Penetration Testing, Kubernetes, C++",PhD,4+ years,"$63,010 - $158,904",High,3
Cloud Security Engineer,Computer Science,This Cloud Security Engineer focuses on innovation and advancement in Computer Science.,"TensorFlow, Java, NoSQL, API Development, Deep Learning, Python, Distributed Systems, Penetration Testing, Cryptography, Data Science",PhD,0+ years,"$55,377 - $161,092",Low,2
Mechanical Engineer,Engineering,The Mechanical Engineer position requires expertise in multiple aspects of Engineering.,"Hydraulics, Pneumatics, Circuit Design, Thermal Systems, ANSYS, Signal Processing, Robotics, Engineering Economics, Wireless Communication, 3D Printing",PhD,2+ years,"$58,687 - $158,216",Low,1
Civil Engineer,Engineering,A Civil Engineer in Engineering specializes in applying knowledge and skills to solve complex problems.,"AutoCAD, HVAC Systems, CAD (Computer-Aided Design), PLC Programming, SolidWorks",PhD,4+ years,"$56,004 - $153,799",Low,3
Electrical Engineer,Engineering,A Electrical Engineer in Engineering specializes in applying knowledge and skills to solve complex problems.,"Geotechnical Surveying, Finite Element Analysis (FEA), PLC Programming, Pneumatics, Mechatronics, SolidWorks, Thermal Systems",Bachelor's,2+ years,"$60,765 - $154,241",High,4
Aerospace Engineer,Engineering,This Aerospace Engineer focuses on innovation and advancement in Engineering.,"Fluid Mechanics, Engineering Economics, SolidWorks, AutoCAD, Wireless Communication, Circuit Design, PLC Programming",Bachelor's,0+ years,"$60,073 - $147,846",Medium,3
Biomedical Engineer,Engineering,A Biomedical Engineer in Engineering specializes in applying knowledge and skills to solve complex problems.,"SolidWorks, Finite Volume Method, 3D Printing, Finite Element Analysis (FEA), Electromagnetics, Geotechnical Surveying, Pneumatics, Fluid Mechanics",PhD,3+ years,"$56,169 - $152,212",Low,4
Robotics Engineer,Engineering,The Robotics Engineer position requires expertise in multiple aspects of Engineering.,"Electromagnetics, HVAC Systems, Thermodynamics, AutoCAD, PLC Programming, 3D Printing, Structural Analysis, Finite Volume Method",Master's,3+ years,"$58,818 - $155,061",High,1
Structural Engineer,Engineering,A Structural Engineer in Engineering specializes in applying knowledge and skills to solve complex problems.,"Electromagnetics, SolidWorks, Mechatronics, Hydraulics, Fluid Mechanics, Materials Science, 3D Printing, Engineering Economics",Any,4+ years,"$58,648 - $147,329",High,3
Renewable Energy Engineer,Engineering,The Renewable Energy Engineer position requires expertise in multiple aspects of Engineering.,"Engineering Economics, Thermodynamics, Finite Element Analysis (FEA), AutoCAD, Robotics, Electromagnetics, Materials Science, Project Management, CAD (Computer-Aided Design), ANSYS",Any,1+ years,"$59,117 - $160,826",Low,5
Telecommunications Engineer,Engineering,"As a Telecommunications Engineer, you'll develop solutions and strategies in the Engineering domain.","Materials Science, Hydraulics, HVAC Systems, Control Systems, Fluid Mechanics, Finite Volume Method",Bachelor's,5+ years,"$58,465 - $158,100",High,1
Automation Engineer,Engineering,A Automation Engineer in Engineering specializes in applying knowledge and skills to solve complex problems.,"SolidWorks, Hydraulics, Control Systems, Materials Science, Electromagnetics, Engineering Economics, Signal Processing",Any,4+ years,"$59,925 - $158,149",Low,1
Materials Engineer,Engineering,This Materials Engineer focuses on innovation and advancement in Engineering.,"Electromagnetics, Materials Science, ANSYS, Finite Element Analysis (FEA), Mechatronics, Signal Processing, Hydraulics",Master's,1+ years,"$61,255 - $160,675",High,3
Geotechnical Engineer,Engineering,Geotechnical Engineers work with teams to implement best practices in Engineering.,"CAD (Computer-Aided Design), Materials Science, ANSYS, 3D Printing, Structural Analysis, Control Systems, AutoCAD, Thermodynamics",PhD,1+ years,"$59,752 - $160,402",Low,4
Transportation Engineer,Engineering,The Transportation Engineer position requires expertise in multiple aspects of Engineering.,"Thermodynamics, CAD (Computer-Aided Design), Signal Processing, Control Systems, PLC Programming, SolidWorks, Fluid Mechanics, Robotics, AutoCAD",Master's,2+ years,"$59,588 - $156,425",Medium,4
Mechatronics Engineer,Engineering,Mechatronics Engineers work with teams to implement best practices in Engineering.,"Robotics, Project Management, HVAC Systems, Hydraulics, Fluid Mechanics",Master's,5+ years,"$56,610 - $146,884",High,2
Power Systems Engineer,Engineering,Power Systems Engineers work with teams to implement best practices in Engineering.,"Fluid Mechanics, Hydraulics, Thermal Systems, HVAC Systems, ANSYS, 3D Printing, Robotics, Electromagnetics, Finite Volume Method, Engineering Economics",Bachelor's,0+ years,"$57,277 - $152,385",Low,3
Automobile Engineer,Engineering,A Automobile Engineer in Engineering specializes in applying knowledge and skills to solve complex problems.,"3D Printing, HVAC Systems, Materials Science, Structural Analysis, Finite Element Analysis (FEA), AutoCAD",Master's,0+ years,"$53,709 - $159,558",High,5
Chemical Engineer,Engineering,"As a Chemical Engineer, you'll develop solutions and strategies in the Engineering domain.","Thermal Systems, Fluid Mechanics, Thermodynamics, Circuit Design, Finite Element Analysis (FEA)",Any,2+ years,"$56,865 - $157,829",Medium,2
Industrial Engineer,Engineering,Industrial Engineers work with teams to implement best practices in Engineering.,"Finite Volume Method, Hydraulics, HVAC Systems, Pneumatics, Project Management, Signal Processing, Materials Science",Any,4+ years,"$54,144 - $160,970",Medium,5
Petroleum Engineer,Engineering,A Petroleum Engineer in Engineering specializes in applying knowledge and skills to solve complex problems.,"Robotics, AutoCAD, Circuit Design, Geotechnical Surveying, Control Systems, Hydraulics, HVAC Systems",Any,5+ years,"$60,016 - $151,061",High,5
Manufacturing Engineer,Engineering,Manufacturing Engineers work with teams to implement best practices in Engineering.,"Robotics, Structural Analysis, Geotechnical Surveying, Hydraulics, Electromagnetics, Wireless Communication",Master's,3+ years,"$54,852 - $153,147",High,4
Marine Engineer,Engineering,The Marine Engineer position requires expertise in multiple aspects of Engineering.,"Project Management, Materials Science, Engineering Economics, Wireless Communication, Control Systems",Bachelor's,5+ years,"$60,567 - $157,000",Medium,3
Nuclear Engineer,Engineering,Nuclear Engineers work with teams to implement best practices in Engineering.,"Mechatronics, PLC Programming, Electromagnetics, Circuit Design, HVAC Systems, Signal Processing",PhD,1+ years,"$57,189 - $153,547",Medium,2
Agricultural Engineer,Engineering,"As a Agricultural Engineer, you'll develop solutions and strategies in the Engineering domain.","Signal Processing, Hydraulics, Control Systems, Engineering Economics, HVAC Systems, AutoCAD, Circuit Design, Mechatronics, CAD (Computer-Aided Design), Materials Science",Any,4+ years,"$61,319 - $147,299",Medium,5
Environmental Engineer,Engineering,A Environmental Engineer in Engineering specializes in applying knowledge and skills to solve complex problems.,"Finite Element Analysis (FEA), CAD (Computer-Aided Design), PLC Programming, Project Management, Thermodynamics, Fluid Mechanics, Hydraulics, HVAC Systems, Circuit Design",PhD,5+ years,"$56,301 - $153,153",Low,4
Water Resource Engineer,Engineering,The Water Resource Engineer position requires expertise in multiple aspects of Engineering.,"Finite Element Analysis (FEA), Fluid Mechanics, HVAC Systems, AutoCAD, Engineering Economics",Bachelor's,0+ years,"$58,825 - $143,545",Medium,1
Acoustical Engineer,Engineering,This Acoustical Engineer focuses on innovation and advancement in Engineering.,"Geotechnical Surveying, Finite Volume Method, HVAC Systems, Fluid Mechanics, ANSYS, Pneumatics, Structural Analysis",PhD,2+ years,"$61,287 - $158,826",Low,2
HVAC Engineer,Engineering,A HVAC Engineer in Engineering specializes in applying knowledge and skills to solve complex problems.,"HVAC Systems, Materials Science, Fluid Mechanics, Finite Volume Method, Robotics, Mechatronics, Thermal Systems, Engineering Economics, Geotechnical Surveying",Bachelor's,4+ years,"$57,880 - $155,148",Low,2
General Practitioner,Healthcare & Medicine,This General Practitioner focuses on innovation and advancement in Healthcare & Medicine.,"Epidemiology, Medical Imaging, Rehabilitation Therapy, Surgery, Hospital Administration, Neuroscience, Medical Ethics",Any,2+ years,"$67,489 - $164,037",Medium,4
Surgeon,Healthcare & Medicine,"As a Surgeon, you'll develop solutions and strategies in the Healthcare & Medicine domain.","Genetics, Telemedicine, Medical Documentation, Infection Control, Medical Imaging, Geriatric Care, Radiology, Patient Care",PhD,4+ years,"$62,301 - $156,796",Medium,3
Cardiologist,Healthcare & Medicine,"As a Cardiologist, you'll develop solutions and strategies in the Healthcare & Medicine domain.","Pharmacology, Emergency Response, Clinical Research, Microbiology, Telemedicine, Radiology",Master's,0+ years,"$64,659 - $163,549",Medium,3
Neurologist,Healthcare & Medicine,Neurologists work with teams to implement best practices in Healthcare & Medicine.,"Clinical Research, Geriatric Care, Emergency Response, Epidemiology, Medical Imaging",PhD,2+ years,"$60,298 - $163,919",Medium,2
Pediatrician,Healthcare & Medicine,Pediatricians work with teams to implement best practices in Healthcare & Medicine.,"Genetics, Biostatistics, Emergency Response, Medical Imaging, Hospital Administration, Epidemiology",Master's,5+ years,"$60,902 - $161,511",High,4
Radiologist,Healthcare & Medicine,This Radiologist focuses on innovation and advancement in Healthcare & Medicine.,"Emergency Response, Microbiology, Epidemiology, Telemedicine, Patient Care, Medical Ethics, Nutrition Science, Radiology, Medical Imaging, Hospital Administration",Bachelor's,0+ years,"$62,420 - $160,843",Medium,5
Oncologist,Healthcare & Medicine,"As a Oncologist, you'll develop solutions and strategies in the Healthcare & Medicine domain.","Radiology, Patient Care, Telemedicine, Surgery, Clinical Research, Infection Control, Epidemiology, Rehabilitation Therapy, Nutrition Science",Master's,3+ years,"$66,930 - $157,086",High,1
Anesthesiologist,Healthcare & Medicine,"As a Anesthesiologist, you'll develop solutions and strategies in the Healthcare & Medicine domain.","Radiology, Surgery, Emergency Response, Telemedicine, Hospital Administration, Neuroscience, Pharmacology, CPR & First Aid, Epidemiology, Clinical Research",Any,0+ years,"$65,633 - $159,079",High,5
Psychiatrist,Healthcare & Medicine,"As a Psychiatrist, you'll develop solutions and strategies in the Healthcare & Medicine domain.","Epidemiology, Geriatric Care, Infection Control, Pharmacology, Medical Documentation, Genetics, Microbiology, Clinical Research, Nutrition Science",Any,2+ years,"$67,582 - $167,790",Medium,3
Pathologist,Healthcare & Medicine,The Pathologist position requires expertise in multiple aspects of Healthcare & Medicine.,"Genetics, Infection Control, Biostatistics, Neuroscience, Rehabilitation Therapy, Telemedicine",PhD,0+ years,"$61,561 - $161,204",High,4
Emergency Medicine Physician,Healthcare & Medicine,The Emergency Medicine Physician position requires expertise in multiple aspects of Healthcare & Medicine.,"Patient Care, Medical Ethics, Medical Imaging, Public Health Policy, Anatomy & Physiology, Radiology, CPR & First Aid, Nutrition Science, Medical Documentation, Biostatistics",Bachelor's,0+ years,"$65,231 - $151,573",High,1
Medical Researcher,Healthcare & Medicine,Medical Researchers work with teams to implement best practices in Healthcare & Medicine.,"Radiology, Public Health Policy, Neuroscience, Genetics, Telemedicine, Emergency Response, Anatomy & Physiology, Biostatistics, Infection Control, Geriatric Care",Master's,0+ years,"$67,555 - $157,526",Low,3
Public Health Specialist,Healthcare & Medicine,The Public Health Specialist position requires expertise in multiple aspects of Healthcare & Medicine.,"Emergency Response, Biostatistics, Clinical Research, Pharmacology, Epidemiology, CPR & First Aid, Medical Documentation",Any,2+ years,"$69,748 - $162,141",High,3
Genetic Counselor,Healthcare & Medicine,This Genetic Counselor focuses on innovation and advancement in Healthcare & Medicine.,"Infection Control, Telemedicine, Emergency Response, Microbiology, Genetics, Geriatric Care, Patient Care, Surgery, Hospital Administration, Medical Ethics",Master's,5+ years,"$66,742 - $165,577",Medium,3
Clinical Research Coordinator,Healthcare & Medicine,The Clinical Research Coordinator position requires expertise in multiple aspects of Healthcare & Medicine.,"Patient Care, Medical Documentation, Telemedicine, Rehabilitation Therapy, Neuroscience, Medical Imaging, Nutrition Science, Pharmacology",Any,0+ years,"$65,470 - $160,582",Low,2
Dentist,Healthcare & Medicine,The Dentist position requires expertise in multiple aspects of Healthcare & Medicine.,"Hospital Administration, Telemedicine, CPR & First Aid, Medical Imaging, Nutrition Science, Emergency Response, Geriatric Care",PhD,3+ years,"$66,185 - $157,599",High,3
Pharmacist,Healthcare & Medicine,The Pharmacist position requires expertise in multiple aspects of Healthcare & Medicine.,"Genetics, Anatomy & Physiology, Rehabilitation Therapy, Epidemiology, Pharmacology, Patient Care, Medical Ethics",Any,3+ years,"$64,972 - $155,873",Low,4
Veterinarian,Healthcare & Medicine,"As a Veterinarian, you'll develop solutions and strategies in the Healthcare & Medicine domain.","Clinical Research, Radiology, Patient Care, Anatomy & Physiology, Neuroscience",Any,3+ years,"$69,735 - $160,234",Medium,2
Physiotherapist,Healthcare & Medicine,This Physiotherapist focuses on innovation and advancement in Healthcare & Medicine.,"Hospital Administration, Clinical Research, Microbiology, Neuroscience, Telemedicine, Radiology, Epidemiology, Patient Care",Master's,4+ years,"$69,093 - $151,772",High,2
Occupational Therapist,Healthcare & Medicine,The Occupational Therapist position requires expertise in multiple aspects of Healthcare & Medicine.,"CPR & First Aid, Emergency Response, Anatomy & Physiology, Clinical Research, Microbiology, Medical Imaging, Genetics, Biostatistics, Nutrition Science",Master's,3+ years,"$60,034 - $154,505",Medium,1
Nurse Practitioner,Healthcare & Medicine,Nurse Practitioners work with teams to implement best practices in Healthcare & Medicine.,"CPR & First Aid, Medical Ethics, Anatomy & Physiology, Rehabilitation Therapy, Telemedicine, Pharmacology",Master's,3+ years,"$66,012 - $168,282",Medium,3
Orthopedic Surgeon,Healthcare & Medicine,"As a Orthopedic Surgeon, you'll develop solutions and strategies in the Healthcare & Medicine domain.","Anatomy & Physiology, Neuroscience, Emergency Response, Infection Control, Rehabilitation Therapy",Master's,3+ years,"$64,405 - $169,277",High,4
Endocrinologist,Healthcare & Medicine,The Endocrinologist position requires expertise in multiple aspects of Healthcare & Medicine.,"Surgery, Pharmacology, Epidemiology, Rehabilitation Therapy, Emergency Response, CPR & First Aid, Biostatistics, Hospital Administration",Bachelor's,4+ years,"$65,905 - $154,202",Low,5
Dermatologist,Healthcare & Medicine,Dermatologists work with teams to implement best practices in Healthcare & Medicine.,"Geriatric Care, Microbiology, Radiology, Clinical Research, Genetics, Medical Ethics, Hospital Administration, Rehabilitation Therapy",PhD,0+ years,"$62,605 - $158,653",Low,2
Gastroenterologist,Healthcare & Medicine,Gastroenterologists work with teams to implement best practices in Healthcare & Medicine.,"Microbiology, Surgery, Anatomy & Physiology, Neuroscience, Patient Care",PhD,0+ years,"$69,641 - $168,223",Low,5
Nephrologist,Healthcare & Medicine,Nephrologists work with teams to implement best practices in Healthcare & Medicine.,"CPR & First Aid, Hospital Administration, Patient Care, Biostatistics, Surgery, Infection Control, Rehabilitation Therapy",Bachelor's,1+ years,"$64,705 - $159,551",Low,4
Ophthalmologist,Healthcare & Medicine,Ophthalmologists work with teams to implement best practices in Healthcare & Medicine.,"Biostatistics, Microbiology, Surgery, Public Health Policy, Pharmacology, Rehabilitation Therapy, Infection Control, Anatomy & Physiology, Medical Imaging",Any,5+ years,"$69,299 - $153,876",Medium,1
Urologist,Healthcare & Medicine,"As a Urologist, you'll develop solutions and strategies in the Healthcare & Medicine domain.","Hospital Administration, Biostatistics, Clinical Research, Medical Documentation, Telemedicine, Genetics, Emergency Response, Medical Ethics, Infection Control, Radiology",Master's,2+ years,"$69,022 - $159,666",Medium,5
Speech-Language Pathologist,Healthcare & Medicine,This Speech-Language Pathologist focuses on innovation and advancement in Healthcare & Medicine.,"Telemedicine, Geriatric Care, Medical Imaging, Anatomy & Physiology, Microbiology, Radiology",Master's,1+ years,"$62,809 - $164,633",High,1
Medical Technologist,Healthcare & Medicine,"As a Medical Technologist, you'll develop solutions and strategies in the Healthcare & Medicine domain.","Anatomy & Physiology, Geriatric Care, Neuroscience, Biostatistics, Patient Care, Emergency Response, Medical Documentation",PhD,2+ years,"$64,392 - $164,331",High,1
Epidemiologist,Healthcare & Medicine,"As a Epidemiologist, you'll develop solutions and strategies in the Healthcare & Medicine domain.","Biostatistics, Medical Imaging, Patient Care, Surgery, Public Health Policy, Radiology, Nutrition Science, Epidemiology",Master's,2+ years,"$60,315 - $164,303",High,4
Health Informatics Specialist,Healthcare & Medicine,This Health Informatics Specialist focuses on innovation and advancement in Healthcare & Medicine.,"Hospital Administration, Surgery, Medical Ethics, CPR & First Aid, Medical Imaging, Infection Control, Microbiology, Clinical Research, Emergency Response, Telemedicine",PhD,2+ years,"$67,340 - $153,481",High,5
Police Officer,Criminology & Law Enforcement,A Police Officer in Criminology & Law Enforcement specializes in applying knowledge and skills to solve complex problems.,"Interrogation Techniques, Crisis Negotiation, Criminal Law, Fingerprint Analysis, Surveillance Techniques, Self-Defense Training, Investigative Journalism, Emergency Response, Psychology of Criminal Behavior, Data Forensics",Master's,3+ years,"$45,662 - $137,661",Medium,1
Detective,Criminology & Law Enforcement,A Detective in Criminology & Law Enforcement specializes in applying knowledge and skills to solve complex problems.,"Criminal Profiling, Firearms Training, Crisis Negotiation, Ballistics, Fingerprint Analysis, Psychology of Criminal Behavior, Cybercrime Investigation, Crime Scene Analysis",Bachelor's,5+ years,"$49,519 - $137,899",High,2
Forensic Scientist,Criminology & Law Enforcement,"As a Forensic Scientist, you'll develop solutions and strategies in the Criminology & Law Enforcement domain.","Cybercrime Investigation, Crisis Negotiation, Criminal Law, Investigative Journalism, Interrogation Techniques, Polygraph Examination, Ballistics, Criminal Profiling, Psychology of Criminal Behavior",Bachelor's,3+ years,"$45,033 - $140,424",High,2
Criminal Profiler,Criminology & Law Enforcement,"As a Criminal Profiler, you'll develop solutions and strategies in the Criminology & Law Enforcement domain.","Psychology of Criminal Behavior, Firearms Training, Legal Procedures, Forensic Science, Counterterrorism Strategies, Surveillance Techniques, Crime Scene Analysis, Ballistics, Criminal Law",Master's,0+ years,"$46,057 - $151,559",High,2
FBI Agent,Criminology & Law Enforcement,FBI Agents work with teams to implement best practices in Criminology & Law Enforcement.,"Counterterrorism Strategies, Investigative Journalism, Emergency Response, Cybercrime Investigation, Crime Scene Analysis, Self-Defense Training, Surveillance Techniques, Polygraph Examination, Firearms Training",Bachelor's,0+ years,"$53,250 - $141,800",Low,1
CIA Analyst,Criminology & Law Enforcement,The CIA Analyst position requires expertise in multiple aspects of Criminology & Law Enforcement.,"Data Forensics, Forensic Accounting, Forensic Science, Investigative Journalism, Crisis Negotiation, Criminal Law, Psychology of Criminal Behavior, Polygraph Examination, Emergency Response",Any,3+ years,"$50,583 - $141,610",High,1
Cybercrime Investigator,Criminology & Law Enforcement,The Cybercrime Investigator position requires expertise in multiple aspects of Criminology & Law Enforcement.,"Data Forensics, Crisis Negotiation, Crime Scene Analysis, Surveillance Techniques, Self-Defense Training, Ballistics",Bachelor's,2+ years,"$50,766 - $142,415",Medium,2
Homicide Detective,Criminology & Law Enforcement,"As a Homicide Detective, you'll develop solutions and strategies in the Criminology & Law Enforcement domain.","Polygraph Examination, Firearms Training, Emergency Response, Crime Scene Analysis, Psychology of Criminal Behavior",PhD,5+ years,"$45,594 - $146,313",High,1
Private Investigator,Criminology & Law Enforcement,Private Investigators work with teams to implement best practices in Criminology & Law Enforcement.,"Criminal Law, Firearms Training, Emergency Response, Surveillance Techniques, Investigative Journalism, Data Forensics",Master's,0+ years,"$48,076 - $137,219",High,1
Crime Scene Investigator (CSI),Criminology & Law Enforcement,Crime Scene Investigator (CSI)s work with teams to implement best practices in Criminology & Law Enforcement.,"Self-Defense Training, Forensic Accounting, Forensic Science, Ballistics, Criminal Profiling, Data Forensics, Criminal Law",Any,4+ years,"$45,327 - $146,576",High,5
Legal Consultant,Criminology & Law Enforcement,The Legal Consultant position requires expertise in multiple aspects of Criminology & Law Enforcement.,"Interrogation Techniques, Self-Defense Training, Criminal Law, Fingerprint Analysis, Investigative Journalism, Forensic Science, Ballistics, Criminal Profiling",PhD,0+ years,"$47,638 - $135,760",Medium,3
Corrections Officer,Criminology & Law Enforcement,The Corrections Officer position requires expertise in multiple aspects of Criminology & Law Enforcement.,"Self-Defense Training, Polygraph Examination, Criminal Law, Interrogation Techniques, Ballistics, Fingerprint Analysis, Emergency Response",Bachelor's,3+ years,"$50,467 - $150,243",Medium,4
Border Patrol Agent,Criminology & Law Enforcement,The Border Patrol Agent position requires expertise in multiple aspects of Criminology & Law Enforcement.,"Self-Defense Training, Forensic Science, Ballistics, Forensic Accounting, Legal Procedures, Polygraph Examination, Cybercrime Investigation, Crisis Negotiation, Criminal Profiling",Master's,1+ years,"$45,967 - $135,136",Low,1
Parole Officer,Criminology & Law Enforcement,This Parole Officer focuses on innovation and advancement in Criminology & Law Enforcement.,"Legal Procedures, Counterterrorism Strategies, Forensic Accounting, Crisis Negotiation, Polygraph Examination, Investigative Journalism, Forensic Science, Criminal Profiling, Psychology of Criminal Behavior, Ballistics",PhD,5+ years,"$51,438 - $136,115",Low,3
Courtroom Bailiff,Criminology & Law Enforcement,Courtroom Bailiffs work with teams to implement best practices in Criminology & Law Enforcement.,"Data Forensics, Interrogation Techniques, Criminal Profiling, Crime Scene Analysis, Ballistics",Master's,2+ years,"$52,405 - $147,753",Medium,2
Counterterrorism Analyst,Criminology & Law Enforcement,Counterterrorism Analysts work with teams to implement best practices in Criminology & Law Enforcement.,"Criminal Law, Data Forensics, Legal Procedures, Ballistics, Psychology of Criminal Behavior",PhD,3+ years,"$45,193 - $144,215",Low,2
Security Consultant,Criminology & Law Enforcement,The Security Consultant position requires expertise in multiple aspects of Criminology & Law Enforcement.,"Crisis Negotiation, Surveillance Techniques, Legal Procedures, Investigative Journalism, Crime Scene Analysis, Firearms Training",PhD,4+ years,"$47,622 - $152,148",High,3
Forensic Psychologist,Criminology & Law Enforcement,A Forensic Psychologist in Criminology & Law Enforcement specializes in applying knowledge and skills to solve complex problems.,"Forensic Accounting, Psychology of Criminal Behavior, Cybercrime Investigation, Ballistics, Emergency Response, Self-Defense Training, Surveillance Techniques, Interrogation Techniques, Counterterrorism Strategies",Bachelor's,0+ years,"$45,684 - $141,412",Low,5
Fraud Investigator,Criminology & Law Enforcement,This Fraud Investigator focuses on innovation and advancement in Criminology & Law Enforcement.,"Criminal Law, Ballistics, Firearms Training, Fingerprint Analysis, Emergency Response, Psychology of Criminal Behavior, Forensic Accounting, Self-Defense Training",Master's,3+ years,"$49,380 - $138,551",High,3
Victim Advocate,Criminology & Law Enforcement,Victim Advocates work with teams to implement best practices in Criminology & Law Enforcement.,"Psychology of Criminal Behavior, Emergency Response, Self-Defense Training, Firearms Training, Fingerprint Analysis, Surveillance Techniques, Counterterrorism Strategies, Interrogation Techniques, Cybercrime Investigation, Criminal Profiling",Any,1+ years,"$47,179 - $138,834",Low,5
Clinical Psychologist,Psychology & Mental Health,The Clinical Psychologist position requires expertise in multiple aspects of Psychology & Mental Health.,"Developmental Psychology, Counseling Techniques, Addiction Counseling, Crisis Intervention, Group Therapy, Mindfulness-Based Therapy, Stress Management, Psychological Research, Psychopathology, Trauma Therapy",Master's,5+ years,"$46,140 - $143,305",Low,1
Counseling Psychologist,Psychology & Mental Health,A Counseling Psychologist in Psychology & Mental Health specializes in applying knowledge and skills to solve complex problems.,"Group Therapy, Developmental Psychology, Psychological Research, Social Work, Counseling Techniques, Emotional Intelligence, Crisis Intervention, Addiction Counseling",Bachelor's,5+ years,"$49,842 - $154,958",Medium,4
Forensic Psychologist,Psychology & Mental Health,The Forensic Psychologist position requires expertise in multiple aspects of Psychology & Mental Health.,"Psychopathology, Crisis Intervention, Emotional Intelligence, Suicidology, Cognitive Behavioral Therapy (CBT), Behavioral Neuroscience, Mindfulness-Based Therapy",Any,0+ years,"$51,536 - $148,082",Low,5
School Psychologist,Psychology & Mental Health,This School Psychologist focuses on innovation and advancement in Psychology & Mental Health.,"Forensic Psychology, Social Work, Psychopathology, Emotional Intelligence, Psychoanalysis, Cognitive Behavioral Therapy (CBT), Trauma Therapy, Neuropsychological Testing, Psychological Research, Family Counseling",Bachelor's,0+ years,"$49,543 - $150,129",High,2
Industrial-Organizational Psychologist,Psychology & Mental Health,A Industrial-Organizational Psychologist in Psychology & Mental Health specializes in applying knowledge and skills to solve complex problems.,"Crisis Intervention, Family Counseling, Neuropsychological Testing, Counseling Techniques, Mindfulness-Based Therapy, Emotional Intelligence, Mental Health Assessment, Cognitive Behavioral Therapy (CBT)",PhD,2+ years,"$45,540 - $140,813",High,3
Neuropsychologist,Psychology & Mental Health,A Neuropsychologist in Psychology & Mental Health specializes in applying knowledge and skills to solve complex problems.,"Mental Health Assessment, Mindfulness-Based Therapy, Suicidology, Psychological Research, Psychopathology, Developmental Psychology",Bachelor's,1+ years,"$50,456 - $138,304",Low,4
Behavioral Therapist,Psychology & Mental Health,Behavioral Therapists work with teams to implement best practices in Psychology & Mental Health.,"Behavioral Neuroscience, Forensic Psychology, Emotional Intelligence, Psychoanalysis, Mindfulness-Based Therapy, Family Counseling, Suicidology, Mental Health Assessment, Developmental Psychology, Addiction Counseling",PhD,4+ years,"$52,404 - $149,227",Medium,4
Cognitive Behavioral Therapist,Psychology & Mental Health,A Cognitive Behavioral Therapist in Psychology & Mental Health specializes in applying knowledge and skills to solve complex problems.,"Psychoanalysis, Developmental Psychology, Group Therapy, Psychopathology, Counseling Techniques, Family Counseling, Mental Health Assessment, Behavioral Neuroscience, Neuropsychological Testing, Cognitive Behavioral Therapy (CBT)",Any,3+ years,"$49,122 - $140,063",Medium,5
Sports Psychologist,Psychology & Mental Health,"As a Sports Psychologist, you'll develop solutions and strategies in the Psychology & Mental Health domain.","Counseling Techniques, Suicidology, Neuropsychological Testing, Trauma Therapy, Psychopathology, Developmental Psychology, Addiction Counseling",PhD,2+ years,"$46,708 - $147,633",High,5
Health Psychologist,Psychology & Mental Health,This Health Psychologist focuses on innovation and advancement in Psychology & Mental Health.,"Psychological Research, Developmental Psychology, Addiction Counseling, Psychoanalysis, Family Counseling, Stress Management",Any,4+ years,"$48,638 - $146,726",Low,2
Military Psychologist,Psychology & Mental Health,"As a Military Psychologist, you'll develop solutions and strategies in the Psychology & Mental Health domain.","Psychopathology, Behavioral Neuroscience, Neuropsychological Testing, Mental Health Assessment, Forensic Psychology, Social Work, Trauma Therapy, Developmental Psychology",Bachelor's,2+ years,"$51,105 - $139,491",Medium,3
Rehabilitation Psychologist,Psychology & Mental Health,A Rehabilitation Psychologist in Psychology & Mental Health specializes in applying knowledge and skills to solve complex problems.,"Psychological Research, Neuropsychological Testing, Cognitive Behavioral Therapy (CBT), Family Counseling, Behavioral Neuroscience, Emotional Intelligence",Bachelor's,2+ years,"$54,264 - $137,283",High,3
Child Psychologist,Psychology & Mental Health,"As a Child Psychologist, you'll develop solutions and strategies in the Psychology & Mental Health domain.","Family Counseling, Emotional Intelligence, Mindfulness-Based Therapy, Crisis Intervention, Neuropsychological Testing, Addiction Counseling, Psychological Research, Forensic Psychology, Behavioral Neuroscience",PhD,0+ years,"$49,734 - $135,697",Medium,1
Substance Abuse Counselor,Psychology & Mental Health,A Substance Abuse Counselor in Psychology & Mental Health specializes in applying knowledge and skills to solve complex problems.,"Emotional Intelligence, Behavioral Neuroscience, Cognitive Behavioral Therapy (CBT), Psychoanalysis, Trauma Therapy, Mindfulness-Based Therapy",Master's,2+ years,"$48,400 - $152,968",High,4
Marriage & Family Therapist,Psychology & Mental Health,A Marriage & Family Therapist in Psychology & Mental Health specializes in applying knowledge and skills to solve complex problems.,"Family Counseling, Mindfulness-Based Therapy, Psychological Research, Social Work, Group Therapy, Mental Health Assessment, Cognitive Behavioral Therapy (CBT), Suicidology, Neuropsychological Testing, Stress Management",Any,3+ years,"$49,592 - $153,977",Medium,5
Psychometrician,Psychology & Mental Health,"As a Psychometrician, you'll develop solutions and strategies in the Psychology & Mental Health domain.","Mental Health Assessment, Mindfulness-Based Therapy, Trauma Therapy, Forensic Psychology, Psychopathology, Family Counseling, Neuropsychological Testing",Bachelor's,5+ years,"$54,967 - $144,982",High,2
Educational Psychologist,Psychology & Mental Health,This Educational Psychologist focuses on innovation and advancement in Psychology & Mental Health.,"Psychological Research, Emotional Intelligence, Mental Health Assessment, Neuropsychological Testing, Group Therapy, Counseling Techniques, Addiction Counseling, Suicidology, Stress Management, Family Counseling",Any,5+ years,"$50,309 - $140,081",Low,2
Crisis Counselor,Psychology & Mental Health,The Crisis Counselor position requires expertise in multiple aspects of Psychology & Mental Health.,"Psychoanalysis, Psychological Research, Group Therapy, Counseling Techniques, Trauma Therapy",Bachelor's,2+ years,"$49,596 - $148,043",High,5
Grief Counselor,Psychology & Mental Health,The Grief Counselor position requires expertise in multiple aspects of Psychology & Mental Health.,"Mental Health Assessment, Suicidology, Counseling Techniques, Psychopathology, Stress Management, Cognitive Behavioral Therapy (CBT), Crisis Intervention, Behavioral Neuroscience, Forensic Psychology, Emotional Intelligence",PhD,3+ years,"$47,221 - $137,108",Low,5
Social Worker,Psychology & Mental Health,This Social Worker focuses on innovation and advancement in Psychology & Mental Health.,"Counseling Techniques, Suicidology, Emotional Intelligence, Group Therapy, Developmental Psychology, Psychoanalysis, Social Work, Cognitive Behavioral Therapy (CBT), Mindfulness-Based Therapy, Addiction Counseling",Master's,3+ years,"$52,258 - $138,109",Low,1
Lawyer,Law & Legal Studies,This Lawyer focuses on innovation and advancement in Law & Legal Studies.,"Legal Research, Taxation Law, International Law, Contract Law, Civil Litigation, Family Law, Constitutional Law, Trial Advocacy, Intellectual Property Law",Master's,1+ years,"$62,898 - $149,764",Low,2
Judge,Law & Legal Studies,Judges work with teams to implement best practices in Law & Legal Studies.,"International Law, Legal Research, Negotiation, Intellectual Property Law, Family Law, Corporate Law, Criminal Law, Contract Law",PhD,4+ years,"$59,484 - $158,927",Low,2
Legal Consultant,Law & Legal Studies,Legal Consultants work with teams to implement best practices in Law & Legal Studies.,"Intellectual Property Law, Constitutional Law, Mediation, Criminal Law, Legal Research, Taxation Law, Trial Advocacy, Corporate Law, Legal Writing",PhD,3+ years,"$64,668 - $167,373",Low,3
Corporate Attorney,Law & Legal Studies,The Corporate Attorney position requires expertise in multiple aspects of Law & Legal Studies.,"Taxation Law, Family Law, Legal Research, Corporate Law, International Law, Legal Writing",Master's,2+ years,"$59,099 - $156,124",Low,1
Criminal Defense Attorney,Law & Legal Studies,Criminal Defense Attorneys work with teams to implement best practices in Law & Legal Studies.,"International Law, Civil Litigation, Negotiation, Constitutional Law, Trial Advocacy, Family Law, Intellectual Property Law, Contract Law, Legal Research, Mediation",Master's,0+ years,"$61,183 - $148,853",Low,4
Intellectual Property Lawyer,Law & Legal Studies,This Intellectual Property Lawyer focuses on innovation and advancement in Law & Legal Studies.,"Contract Law, International Law, Legal Writing, Negotiation, Civil Litigation, Constitutional Law, Intellectual Property Law, Family Law, Corporate Law, Taxation Law",Master's,2+ years,"$67,792 - $165,987",Low,4
Environmental Lawyer,Law & Legal Studies,The Environmental Lawyer position requires expertise in multiple aspects of Law & Legal Studies.,"Corporate Law, Civil Litigation, Legal Research, Family Law, Taxation Law, Legal Writing",Master's,0+ years,"$62,910 - $149,004",High,3
Human Rights Lawyer,Law & Legal Studies,A Human Rights Lawyer in Law & Legal Studies specializes in applying knowledge and skills to solve complex problems.,"Trial Advocacy, Corporate Law, Constitutional Law, Negotiation, Civil Litigation, Criminal Law, Contract Law, Taxation Law",Bachelor's,4+ years,"$67,772 - $153,316",Medium,2
Tax Attorney,Law & Legal Studies,A Tax Attorney in Law & Legal Studies specializes in applying knowledge and skills to solve complex problems.,"Legal Research, Constitutional Law, Corporate Law, Criminal Law, Taxation Law",PhD,3+ years,"$60,803 - $163,150",Medium,2
Government Prosecutor,Law & Legal Studies,This Government Prosecutor focuses on innovation and advancement in Law & Legal Studies.,"Contract Law, Intellectual Property Law, Corporate Law, Trial Advocacy, Legal Writing, Legal Research",PhD,2+ years,"$58,254 - $155,049",High,1
Legal Researcher,Law & Legal Studies,This Legal Researcher focuses on innovation and advancement in Law & Legal Studies.,"Constitutional Law, Negotiation, Corporate Law, Intellectual Property Law, Legal Writing, International Law, Criminal Law, Legal Research",Bachelor's,1+ years,"$66,911 - $160,949",Medium,3
Paralegal,Law & Legal Studies,This Paralegal focuses on innovation and advancement in Law & Legal Studies.,"Civil Litigation, International Law, Legal Writing, Family Law, Corporate Law, Legal Research, Criminal Law, Intellectual Property Law, Mediation",PhD,5+ years,"$64,435 - $167,425",High,3
Public Defender,Law & Legal Studies,The Public Defender position requires expertise in multiple aspects of Law & Legal Studies.,"Negotiation, Criminal Law, Trial Advocacy, Legal Writing, Taxation Law, Family Law",Master's,1+ years,"$62,978 - $152,549",Medium,5
Contract Attorney,Law & Legal Studies,This Contract Attorney focuses on innovation and advancement in Law & Legal Studies.,"Taxation Law, Legal Research, Constitutional Law, Civil Litigation, Family Law, Negotiation, Legal Writing, Criminal Law, Contract Law",PhD,4+ years,"$59,272 - $158,440",Low,1
Real Estate Lawyer,Law & Legal Studies,This Real Estate Lawyer focuses on innovation and advancement in Law & Legal Studies.,"Taxation Law, International Law, Corporate Law, Intellectual Property Law, Constitutional Law, Criminal Law, Negotiation",PhD,4+ years,"$58,892 - $154,744",Low,3
University Professor,Doctorate & Research,The University Professor position requires expertise in multiple aspects of Doctorate & Research.,"Qualitative Research, Peer Review, Research Methodology, Scientific Communication, Data Analysis",Any,5+ years,"$50,056 - $141,546",High,4
Research Scientist,Doctorate & Research,The Research Scientist position requires expertise in multiple aspects of Doctorate & Research.,"Grant Writing, Peer Review, Data Analysis, Statistical Analysis, Research Methodology, Experimental Design, Qualitative Research, Scientific Communication",Bachelor's,4+ years,"$52,963 - $137,648",High,4
Postdoctoral Researcher,Doctorate & Research,The Postdoctoral Researcher position requires expertise in multiple aspects of Doctorate & Research.,"Research Methodology, Data Analysis, Peer Review, Grant Writing, Scientific Communication",Any,0+ years,"$46,758 - $140,015",Medium,4
Academic Author,Doctorate & Research,"As a Academic Author, you'll develop solutions and strategies in the Doctorate & Research domain.","Research Methodology, Peer Review, Qualitative Research, Statistical Analysis, Grant Writing, Data Analysis, Scientific Communication, Academic Writing, Experimental Design",Any,3+ years,"$47,944 - $136,534",Medium,4
Principal Investigator,Doctorate & Research,A Principal Investigator in Doctorate & Research specializes in applying knowledge and skills to solve complex problems.,"Academic Writing, Scientific Communication, Qualitative Research, Grant Writing, Statistical Analysis",Bachelor's,3+ years,"$47,507 - $140,210",High,5
Think Tank Analyst,Doctorate & Research,This Think Tank Analyst focuses on innovation and advancement in Doctorate & Research.,"Research Methodology, Experimental Design, Peer Review, Grant Writing, Qualitative Research",Master's,5+ years,"$54,037 - $135,788",Medium,1
Policy Researcher,Doctorate & Research,A Policy Researcher in Doctorate & Research specializes in applying knowledge and skills to solve complex problems.,"Data Analysis, Statistical Analysis, Qualitative Research, Grant Writing, Experimental Design, Peer Review, Scientific Communication, Research Methodology, Academic Writing",Bachelor's,1+ years,"$54,238 - $154,850",Low,5
Scientific Journal Editor,Doctorate & Research,"As a Scientific Journal Editor, you'll develop solutions and strategies in the Doctorate & Research domain.","Research Methodology, Experimental Design, Grant Writing, Qualitative Research, Peer Review, Scientific Communication, Statistical Analysis",Master's,1+ years,"$54,610 - $144,205",High,4
Lab Director,Doctorate & Research,"As a Lab Director, you'll develop solutions and strategies in the Doctorate & Research domain.","Scientific Communication, Peer Review, Data Analysis, Qualitative Research, Experimental Design",Bachelor's,3+ years,"$82,568 - $211,386",Low,1
Social Science Researcher,Doctorate & Research,This Social Science Researcher focuses on innovation and advancement in Doctorate & Research.,"Data Analysis, Scientific Communication, Research Methodology, Experimental Design, Academic Writing, Qualitative Research, Peer Review, Grant Writing",PhD,4+ years,"$54,549 - $151,194",Low,5
Experimental Psychologist,Doctorate & Research,Experimental Psychologists work with teams to implement best practices in Doctorate & Research.,"Academic Writing, Statistical Analysis, Scientific Communication, Data Analysis, Qualitative Research, Peer Review, Experimental Design",Master's,2+ years,"$51,566 - $152,690",Medium,4
Economic Analyst,Doctorate & Research,This Economic Analyst focuses on innovation and advancement in Doctorate & Research.,"Academic Writing, Scientific Communication, Data Analysis, Research Methodology, Experimental Design",PhD,2+ years,"$47,368 - $143,902",High,3
Accountant,Accountancy,The Accountant position requires expertise in multiple aspects of Accountancy.,"Investment Analysis, Financial Analysis, Financial Accounting, ERP Systems (e.g., SAP), Data Analysis, Payroll Management, Managerial Accounting, Cash Flow Management, Internal Controls, Excel Proficiency",Bachelor's,5+ years,"$57,970 - $143,517",High,3
Auditor,Accountancy,"As a Auditor, you'll develop solutions and strategies in the Accountancy domain.","GAAP (Generally Accepted Accounting Principles), Financial Accounting, Payroll Management, Managerial Accounting, Cost Accounting",Any,0+ years,"$56,909 - $152,763",High,4
Tax Consultant,Accountancy,Tax Consultants work with teams to implement best practices in Accountancy.,"Tax Planning, GAAP (Generally Accepted Accounting Principles), Risk Management, Financial Modeling, Financial Analysis, Corporate Finance, Managerial Accounting, Cost Accounting, ERP Systems (e.g., SAP)",Master's,1+ years,"$51,153 - $151,811",High,5
Financial Analyst,Accountancy,A Financial Analyst in Accountancy specializes in applying knowledge and skills to solve complex problems.,"Compliance & Regulation, Financial Analysis, Managerial Accounting, IFRS (International Financial Reporting Standards), Tax Planning, Financial Accounting",Bachelor's,0+ years,"$56,304 - $150,556",High,4
Forensic Accountant,Accountancy,This Forensic Accountant focuses on innovation and advancement in Accountancy.,"Investment Analysis, Payroll Management, Corporate Finance, Risk Management, Tax Planning, ERP Systems (e.g., SAP), Taxation, Data Analysis",Any,2+ years,"$53,602 - $145,994",Medium,5
Management Accountant,Accountancy,This Management Accountant focuses on innovation and advancement in Accountancy.,"Data Analysis, Taxation, Forensic Accounting, Financial Analysis, Investment Analysis, Risk Management, Corporate Finance, Financial Reporting, Cash Flow Management",Bachelor's,5+ years,"$51,532 - $153,566",High,3
Cost Accountant,Accountancy,A Cost Accountant in Accountancy specializes in applying knowledge and skills to solve complex problems.,"Data Analysis, Financial Reporting, Cost Accounting, Tax Planning, Managerial Accounting, ERP Systems (e.g., SAP)",Master's,1+ years,"$49,888 - $145,459",High,5
Chartered Accountant,Accountancy,This Chartered Accountant focuses on innovation and advancement in Accountancy.,"Budgeting & Forecasting, Auditing, IFRS (International Financial Reporting Standards), Financial Accounting, GAAP (Generally Accepted Accounting Principles), Data Analysis, Tax Planning, Internal Controls, Managerial Accounting",Master's,0+ years,"$56,542 - $151,605",Medium,4
Budget Analyst,Accountancy,A Budget Analyst in Accountancy specializes in applying knowledge and skills to solve complex problems.,"Taxation, IFRS (International Financial Reporting Standards), Tax Planning, Financial Accounting, Cost Accounting",PhD,4+ years,"$49,512 - $144,036",High,4
Payroll Manager,Accountancy,Payroll Managers work with teams to implement best practices in Accountancy.,"Risk Management, Financial Modeling, ERP Systems (e.g., SAP), Forensic Accounting, GAAP (Generally Accepted Accounting Principles), IFRS (International Financial Reporting Standards), Budgeting & Forecasting",Bachelor's,5+ years,"$83,585 - $214,826",High,2
Financial Controller,Accountancy,"As a Financial Controller, you'll develop solutions and strategies in the Accountancy domain.","IFRS (International Financial Reporting Standards), Cash Flow Management, Financial Modeling, Data Analysis, Managerial Accounting, Investment Analysis, Forensic Accounting, Financial Reporting, Cost Accounting, Tax Planning",PhD,0+ years,"$51,413 - $156,269",Medium,4
Investment Analyst,Accountancy,"As a Investment Analyst, you'll develop solutions and strategies in the Accountancy domain.","Financial Analysis, Corporate Finance, Tax Planning, Financial Reporting, Compliance & Regulation, Financial Modeling, Cash Flow Management",Any,3+ years,"$51,721 - $138,530",Medium,1
Risk Analyst,Accountancy,The Risk Analyst position requires expertise in multiple aspects of Accountancy.,"Financial Reporting, IFRS (International Financial Reporting Standards), Payroll Management, Internal Controls, Cost Accounting, Financial Accounting",Master's,3+ years,"$48,298 - $143,104",High,1
Treasury Analyst,Accountancy,Treasury Analysts work with teams to implement best practices in Accountancy.,"Compliance & Regulation, Auditing, Investment Analysis, Corporate Finance, Financial Modeling, GAAP (Generally Accepted Accounting Principles)",Bachelor's,1+ years,"$50,759 - $150,780",Low,2
Compliance Officer,Accountancy,"As a Compliance Officer, you'll develop solutions and strategies in the Accountancy domain.","Cost Accounting, Auditing, Financial Modeling, Financial Accounting, Compliance & Regulation, Investment Analysis, Corporate Finance, ERP Systems (e.g., SAP), Taxation, Risk Management",Master's,1+ years,"$54,983 - $149,924",Medium,4
Credit Analyst,Accountancy,Credit Analysts work with teams to implement best practices in Accountancy.,"Excel Proficiency, Auditing, Financial Reporting, Compliance & Regulation, Cost Accounting, Managerial Accounting, Data Analysis, GAAP (Generally Accepted Accounting Principles)",Any,0+ years,"$57,661 - $149,832",Low,1
Revenue Agent,Accountancy,Revenue Agents work with teams to implement best practices in Accountancy.,"Risk Management, Payroll Management, Budgeting & Forecasting, Corporate Finance, Financial Analysis, IFRS (International Financial Reporting Standards), Investment Analysis, Managerial Accounting, Excel Proficiency",Any,4+ years,"$48,391 - $139,739",High,5
Financial Planner,Accountancy,The Financial Planner position requires expertise in multiple aspects of Accountancy.,"Financial Accounting, Payroll Management, Excel Proficiency, Corporate Finance, ERP Systems (e.g., SAP), Taxation, Financial Modeling, Cost Accounting",Master's,3+ years,"$53,377 - $149,592",Low,3
Actuary,Accountancy,This Actuary focuses on innovation and advancement in Accountancy.,"Corporate Finance, Auditing, Financial Reporting, IFRS (International Financial Reporting Standards), Internal Controls, Forensic Accounting, Cash Flow Management",Bachelor's,3+ years,"$48,804 - $145,218",Medium,1
Bookkeeper,Accountancy,"As a Bookkeeper, you'll develop solutions and strategies in the Accountancy domain.","Data Analysis, Financial Modeling, GAAP (Generally Accepted Accounting Principles), Forensic Accounting, Auditing, Compliance & Regulation, Financial Reporting",Bachelor's,3+ years,"$55,960 - $151,856",Medium,5
